AB,Unspecified
ABa,Unspecified
ABal,Unspecified
ABala,Unspecified
ABalaa,Unspecified
ABalaaa,Unspecified
ABalaaaa,Unspecified
ABalaaaal,Unspecified
ABalaaaala,Unspecified
ABalaaaalal,Neuron
ABalaaaalar,Death
ABalaaaalp,Unspecified
ABalaaaalpa,Death
ABalaaaalpp,Neuron
ABalaaaar,Unspecified
ABalaaaarl,Unspecified
ABalaaaarla,Death
ABalaaaarlp,Neuron
ABalaaaarr,Unspecified
ABalaaaarra,Death
ABalaaaarrp,Neuron
ABalaaap,Unspecified
ABalaaapa,Unspecified
ABalaaapal,Neuron
ABalaaapall,Neuron
ABalaaapalr,Neuron
ABalaaapar,Unspecified
ABalaaaparl,Death
ABalaaaparr,Neuron
ABalaaapp,Unspecified
ABalaaappl,Unspecified
ABalaaappll,Neuron
ABalaaapplr,Death
ABalaaappr,Neuron
ABalaaapprl,Neuron
ABalaaapprr,Neuron
ABalaap,Unspecified
ABalaapa,Unspecified
ABalaapaa,Unspecified
ABalaapaaa,Unspecified
ABalaapaaal,Death
ABalaapaaar,Neuron
ABalaapaap,Unspecified
ABalaapaapa,Death
ABalaapaapp,Neuron
ABalaapap,Unspecified
ABalaapapa,Death
ABalaapapp,Unspecified
ABalaapappa,Death
ABalaapappp,Neuron
ABalaapp,Unspecified
ABalaappa,Unspecified
ABalaappaa,Death
ABalaappap,Neuron
ABalaappapa,Neuron
ABalaappapp,Neuron
ABalaappp,Unspecified
ABalaapppa,Unspecified
ABalaapppaa,Neuron
ABalaapppap,Death
ABalaapppp,Unspecified
ABalaappppa,Unspecified
ABalaappppp,Neuron
ABalap,Unspecified
ABalapa,Unspecified
ABalapaa,Unspecified
ABalapaaa,Unspecified
ABalapaaaa,Unspecified
ABalapaaaaa,Neuron
ABalapaaaap,Death
ABalapaaap,Neuron
ABalapaaapa,Neuron
ABalapaaapp,Neuron
ABalapaap,Unspecified
ABalapaapa,Unspecified
ABalapaapaa,Neuron
ABalapaapap,Death
ABalapaapp,Unspecified
ABalapaappa,Unspecified
ABalapaappp,Neuron
ABalapap,Unspecified
ABalapapa,Unspecified
ABalapapaa,Death
ABalapapap,Unspecified
ABalapapapa,Unspecified
ABalapapapp,Neuron
ABalapapp,Unspecified
ABalapappa,Unspecified
ABalapappaa,Unspecified
ABalapappap,Neuron
ABalapappp,Neuron
ABalapapppa,Neuron
ABalapapppp,Neuron
ABalapp,Unspecified
ABalappa,Unspecified
ABalappaa,Unspecified
ABalappaaa,Death
ABalappaap,Unspecified
ABalappaapa,Neuron
ABalappaapp,Death
ABalappap,Unspecified
ABalappapa,Unspecified
ABalappapaa,Neuron
ABalappapap,Death
ABalappapp,Neuron
ABalappappa,Neuron
ABalappappp,Neuron
ABalappp,Unspecified
ABalapppa,Unspecified
ABalapppaa,Neuron
ABalapppaaa,Neuron
ABalapppaap,Neuron
ABalapppap,Unspecified
ABalapppapa,Unspecified
ABalapppapp,Neuron
ABalapppp,Unspecified
ABalappppa,Unspecified
ABalappppaa,Unspecified
ABalappppap,Neuron
ABalappppp,Neuron
ABalapppppa,Neuron
ABalapppppp,Neuron
ABalp,Unspecified
ABalpa,Unspecified
ABalpaa,Unspecified
ABalpaaa,Unspecified
ABalpaaaa,Unspecified
ABalpaaaaa,Pharynx
ABalpaaaaaa,Pharynx
ABalpaaaaap,Pharynx
ABalpaaaap,Unspecified
ABalpaaaapa,Pharynx
ABalpaaaapp,Death
ABalpaaap,Unspecified
ABalpaaapa,Unspecified
ABalpaaapaa,Pharynx
ABalpaaapap,Death
ABalpaaapp,Unspecified
ABalpaaappa,Death
ABalpaaappp,Pharynx
ABalpaap,Unspecified
ABalpaapa,Unspecified
ABalpaapaa,Unspecified
ABalpaapaaa,Skin
ABalpaapaap,Pharynx
ABalpaapap,Pharynx
ABalpaapapa,Pharynx
ABalpaapapp,Pharynx
ABalpaapp,Skin
ABalpaappa,Skin
ABalpaappaa,Skin
ABalpaappap,Skin
ABalpaappp,Skin
ABalpaapppa,Skin
ABalpaapppp,Skin
ABalpap,Unspecified
ABalpapa,Unspecified
ABalpapaa,Unspecified
ABalpapaaa,Unspecified
ABalpapaaaa,Neuron
ABalpapaaap,Skin
ABalpapaap,Unspecified
ABalpapaapa,Skin
ABalpapaapp,Death
ABalpapap,Unspecified
ABalpapapa,Unspecified
ABalpapapaa,Neuron
ABalpapapap,Unspecified
ABalpapapp,Unspecified
ABalpapappa,Death
ABalpapappp,Neuron
ABalpapp,Unspecified
ABalpappa,Unspecified
ABalpappaa,Unspecified
ABalpappaaa,Death
ABalpappaap,Unspecified
ABalpappap,Pharynx
ABalpappapa,Pharynx
ABalpappapp,Pharynx
ABalpappp,Unspecified
ABalpapppa,Unspecified
ABalpapppaa,Pharynx
ABalpapppap,Death
ABalpapppp,Pharynx
ABalpappppa,Pharynx
ABalpappppp,Pharynx
ABalpp,Unspecified
ABalppa,Unspecified
ABalppaa,Unspecified
ABalppaaa,Unspecified
ABalppaaaa,Death
ABalppaaap,Neuron
ABalppaaapa,Neuron
ABalppaaapp,Neuron
ABalppaap,Unspecified
ABalppaapa,Death
ABalppaapp,Unspecified
ABalppaappa,Death
ABalppaappp,Neuron
ABalppap,Unspecified
ABalppapa,Neuron
ABalppapaa,Neuron
ABalppapaaa,Neuron
ABalppapaap,Neuron
ABalppapap,Neuron
ABalppapapa,Neuron
ABalppapapp,Neuron
ABalppapp,Unspecified
ABalppappa,Neuron
ABalppappaa,Neuron
ABalppappap,Neuron
ABalppappp,Unspecified
ABalppapppa,Unspecified
ABalppapppp,Neuron
ABalppp,Unspecified
ABalpppa,Unspecified
ABalpppaa,Unspecified
ABalpppaaa,Neuron
ABalpppaaaa,Neuron
ABalpppaaap,Neuron
ABalpppaap,Unspecified
ABalpppaapd,Neuron
ABalpppaapv,Death
ABalpppap,Unspecified
ABalpppapa,Neuron
ABalpppapad,Neuron
ABalpppapav,Neuron
ABalpppapp,Unspecified
ABalpppappa,Death
ABalpppappp,Unspecified
ABalpppp,Unspecified
ABalppppa,Unspecified
ABalppppaa,Unspecified
ABalppppaad,Neuron
ABalppppaav,Death
ABalppppap,Unspecified
ABalppppapa,Unspecified
ABalppppapp,Death
ABalppppp,Unspecified
ABalpppppa,Neuron
ABalpppppaa,Neuron
ABalpppppap,Neuron
ABalpppppp,Unspecified
ABalppppppa,Unspecified
ABalppppppaa,Neuron
ABalppppppap,Death
ABalppppppp,Neuron
ABalpppppppa,Neuron
ABalpppppppp,Neuron
ABar,Unspecified
ABara,Unspecified
ABaraa,Unspecified
ABaraaa,Unspecified
ABaraaaa,Unspecified
ABaraaaaa,Pharynx
ABaraaaaaa,Pharynx
ABaraaaaaaa,Pharynx
ABaraaaaaap,Pharynx
ABaraaaaap,Pharynx
ABaraaaaapa,Pharynx
ABaraaaaapp,Pharynx
ABaraaaap,Unspecified
ABaraaaapa,Unspecified
ABaraaaapaa,Death
ABaraaaapap,Pharynx
ABaraaaapp,Death
ABaraaap,Unspecified
ABaraaapa,Unspecified
ABaraaapaa,Unspecified
ABaraaapaaa,Skin
ABaraaapaap,Pharynx
ABaraaapap,Pharynx
ABaraaapapa,Pharynx
ABaraaapapp,Pharynx
ABaraaapp,Skin
ABaraaappa,Skin
ABaraaappaa,Skin
ABaraaappap,Skin
ABaraaappp,Skin
ABaraaapppa,Skin
ABaraaapppp,Skin
ABaraap,Unspecified
ABaraapa,Unspecified
ABaraapaa,Pharynx
ABaraapaaa,Pharynx
ABaraapaaaa,Pharynx
ABaraapaaap,Pharynx
ABaraapaap,Pharynx
ABaraapaapa,Pharynx
ABaraapaapp,Pharynx
ABaraapap,Unspecified
ABaraapapa,Unspecified
ABaraapapaa,Unspecified
ABaraapapap,Pharynx
ABaraapapp,Pharynx
ABaraapappa,Pharynx
ABaraapappp,Pharynx
ABaraapp,Unspecified
ABaraappa,Pharynx
ABaraappaa,Pharynx
ABaraappaaa,Pharynx
ABaraappaap,Pharynx
ABaraappap,Pharynx
ABaraappapa,Pharynx
ABaraappapp,Pharynx
ABaraappp,Unspecified
ABaraapppa,Unspecified
ABaraapppaa,Unspecified
ABaraapppap,Pharynx
ABaraapppp,Pharynx
ABaraappppa,Pharynx
ABaraappppp,Pharynx
ABarap,Unspecified
ABarapa,Unspecified
ABarapaa,Unspecified
ABarapaaa,Unspecified
ABarapaaaa,Pharynx
ABarapaaaaa,Pharynx
ABarapaaaap,Pharynx
ABarapaaap,Unspecified
ABarapaaapa,Pharynx
ABarapaaapp,Death
ABarapaap,Unspecified
ABarapaapa,Unspecified
ABarapaapaa,Pharynx
ABarapaapap,Death
ABarapaapp,Pharynx
ABarapaappa,Pharynx
ABarapaappp,Pharynx
ABarapap,Unspecified
ABarapapa,Unspecified
ABarapapaa,Unspecified
ABarapapaaa,Death
ABarapapaap,Unspecified
ABarapapap,Unspecified
ABarapapapa,Skin
ABarapapapp,Pharynx
ABarapapp,Unspecified
ABarapappa,Unspecified
ABarapappaa,Pharynx
ABarapappap,Death
ABarapappp,Pharynx
ABarapapppa,Pharynx
ABarapapppp,Pharynx
ABarapp,Unspecified
ABarappa,Unspecified
ABarappaa,Unspecified
ABarappaaa,Unspecified
ABarappaaaa,Neuron
ABarappaaap,Death
ABarappaap,Unspecified
ABarappaapa,Skin
ABarappaapp,Death
ABarappap,Unspecified
ABarappapa,Unspecified
ABarappapaa,Neuron
ABarappapap,Unspecified
ABarappapp,Neuron
ABarappappa,Neuron
ABarappappp,Neuron
ABarappp,Unspecified
ABarapppa,Neuron
ABarapppaa,Neuron
ABarapppaaa,Neuron
ABarapppaap,Neuron
ABarapppap,Neuron
ABarapppapa,Neuron
ABarapppapp,Neuron
ABarapppp,Unspecified
ABarappppa,Neuron
ABarappppaa,Neuron
ABarappppap,Neuron
ABarappppp,Unspecified
ABarapppppa,Unspecified
ABarapppppp,Neuron
ABarp,Unspecified
ABarpa,Unspecified
ABarpaa,Unspecified
ABarpaaa,Unspecified
ABarpaaaa,Neuron
ABarpaaaaa,Neuron
ABarpaaaaal,Neuron
ABarpaaaaar,Neuron
ABarpaaaap,Neuron
ABarpaaaapa,Neuron
ABarpaaaapp,Neuron
ABarpaaap,Unspecified
ABarpaaapa,Neuron
ABarpaaapaa,Neuron
ABarpaaapap,Neuron
ABarpaaapp,Death
ABarpaap,Skin
ABarpaapa,Skin
ABarpaapaa,Skin
ABarpaapap,Skin
ABarpaapp,Skin
ABarpaappa,Skin
ABarpaappp,Skin
ABarpap,Unspecified
ABarpapa,Unspecified
ABarpapaa,Unspecified
ABarpapaaa,Unspecified
ABarpapaaaa,Neuron
ABarpapaaap,Death
ABarpapaap,Unspecified
ABarpapaapa,Death
ABarpapaapp,Neuron
ABarpapap,Skin
ABarpapapa,Skin
ABarpapapp,Skin
ABarpapp,Skin
ABarpappa,Skin
ABarpappaa,Skin
ABarpappap,Skin
ABarpappp,Skin
ABarpapppa,Skin
ABarpapppp,Skin
ABarpp,Unspecified
ABarppa,Unspecified
ABarppaa,Unspecified
ABarppaaa,Unspecified
ABarppaaaa,Neuron
ABarppaaap,Skin
ABarppaap,Unspecified
ABarppaapa,Skin
ABarppaapp,Neuron
ABarppap,Skin
ABarppapa,Skin
ABarppapaa,Skin
ABarppapap,Skin
ABarppapp,Skin
ABarppappa,Skin
ABarppappp,Skin
ABarppp,Unspecified
ABarpppa,Unspecified
ABarpppaa,Unspecified
ABarpppaaa,Neuron
ABarpppaap,Skin
ABarpppap,Unspecified
ABarpppapa,Skin
ABarpppapp,Neuron
ABarpppp,Skin
ABarppppa,Skin
ABarppppaa,Skin
ABarppppap,Skin
ABarppppp,Skin
ABarpppppa,Skin
ABarpppppp,Skin
ABp,Unspecified
ABpl,Unspecified
ABpla,Unspecified
ABplaa,Unspecified
ABplaaa,Unspecified
ABplaaaa,Unspecified
ABplaaaaa,Unspecified
ABplaaaaaa,Unspecified
ABplaaaaaaa,Neuron
ABplaaaaaap,Death
ABplaaaaap,Unspecified
ABplaaaaapa,Death
ABplaaaaapp,Neuron
ABplaaaap,Skin
ABplaaaapa,Skin
ABplaaaapp,Skin
ABplaaap,Skin
ABplaaapa,Skin
ABplaaapaa,Skin
ABplaaapap,Skin
ABplaaapp,Skin
ABplaaappa,Skin
ABplaaappp,Skin
ABplaap,Unspecified
ABplaapa,Unspecified
ABplaapaa,Unspecified
ABplaapaaa,Unspecified
ABplaapaaaa,Skin
ABplaapaaap,Neuron
ABplaapaap,Neuron
ABplaapaapa,Neuron
ABplaapaapp,Neuron
ABplaapap,Unspecified
ABplaapapa,Neuron
ABplaapapaa,Neuron
ABplaapapap,Neuron
ABplaapapp,Unspecified
ABplaapappa,Neuron
ABplaapappp,Unspecified
ABplaapp,Skin
ABplaappa,Skin
ABplaappaa,Skin
ABplaappap,Skin
ABplaappp,Skin
ABplaapppa,Skin
ABplaapppp,Skin
ABplap,Unspecified
ABplapa,Unspecified
ABplapaa,Unspecified
ABplapaaa,Unspecified
ABplapaaaa,Unspecified
ABplapaaaaa,Death
ABplapaaaap,Neuron
ABplapaaap,Neuron
ABplapaaapa,Neuron
ABplapaaapp,Neuron
ABplapaap,Unspecified
ABplapaapa,Other
ABplapaapp,Skin
ABplapap,Unspecified
ABplapapa,Unspecified
ABplapapaa,Unspecified
ABplapapap,Skin
ABplapapp,Unspecified
ABplapappa,Skin
ABplapappp,Unspecified
ABplapapppa,Death
ABplapapppp,Unspecified
ABplapp,Unspecified
ABplappa,Skin
ABplappaa,Skin
ABplappaaa,Skin
ABplappaap,Skin
ABplappap,Skin
ABplappapa,Skin
ABplappapp,Skin
ABplappp,Unspecified
ABplapppa,Unspecified
ABplapppaa,Unspecified
ABplapppaaa,Neuron
ABplapppaap,Death
ABplapppap,Unspecified
ABplapppapa,Death
ABplapppapp,Neuron
ABplapppp,Skin
ABplappppa,Skin
ABplappppp,Skin
ABplp,Unspecified
ABplpa,Unspecified
ABplpaa,Unspecified
ABplpaaa,Unspecified
ABplpaaaa,Unspecified
ABplpaaaaa,Neuron
ABplpaaaaaa,Neuron
ABplpaaaaap,Neuron
ABplpaaaap,Unspecified
ABplpaaaapa,Other
ABplpaaaapp,Neuron
ABplpaaap,Unspecified
ABplpaaapa,Neuron
ABplpaaapaa,Neuron
ABplpaaapap,Neuron
ABplpaaapp,Unspecified
ABplpaaappa,Unspecified
ABplpaaappp,Neuron
ABplpaap,Unspecified
ABplpaapa,Unspecified
ABplpaapaa,Neuron
ABplpaapaaa,Neuron
ABplpaapaap,Neuron
ABplpaapap,Unspecified
ABplpaapapa,Neuron
ABplpaapapp,Death
ABplpaapp,Unspecified
ABplpaappa,Neuron
ABplpaappaa,Neuron
ABplpaappap,Neuron
ABplpaappp,Unspecified
ABplpaapppa,Neuron
ABplpaapppp,Unspecified
ABplpap,Unspecified
ABplpapa,Unspecified
ABplpapaa,Neuron
ABplpapaaa,Neuron
ABplpapaaaa,Neuron
ABplpapaaap,Neuron
ABplpapaap,Neuron
ABplpapaapa,Neuron
ABplpapaapp,Neuron
ABplpapap,Unspecified
ABplpapapa,Unspecified
ABplpapapaa,Other
ABplpapapap,Neuron
ABplpapapp,Neuron
ABplpapappa,Neuron
ABplpapappp,Neuron
ABplpapp,Unspecified
ABplpappa,Unspecified
ABplpappaa,Unspecified
ABplpappaaa,Neuron
ABplpappaap,Other
ABplpappap,Death
ABplpappp,Unspecified
ABplpapppa,Other
ABplpapppaa,Other
ABplpapppap,Other
ABplpapppp,Unspecified
ABplpappppa,Neuron
ABplpappppp,Other
ABplpp,Unspecified
ABplppa,Unspecified
ABplppaa,Unspecified
ABplppaaa,Unspecified
ABplppaaaa,Unspecified
ABplppaaaaa,Neuron
ABplppaaaap,Unspecified
ABplppaaap,Death
ABplppaap,Unspecified
ABplppaapa,Unspecified
ABplppaapaa,Death
ABplppaapap,Neuron
ABplppaapp,Neuron
ABplppaappa,Neuron
ABplppaappp,Neuron
ABplppap,Neuron
ABplppapa,Neuron
ABplppapaa,Neuron
ABplppapaaa,Neuron
ABplppapaap,Neuron
ABplppapap,Neuron
ABplppapapa,Neuron
ABplppapapp,Neuron
ABplppapp,Neuron
ABplppappa,Neuron
ABplppappaa,Neuron
ABplppappap,Neuron
ABplppappp,Neuron
ABplppapppa,Neuron
ABplppapppp,Neuron
ABplppp,Unspecified
ABplpppa,Unspecified
ABplpppaa,Neuron
ABplpppaaa,Neuron
ABplpppaaaa,Neuron
ABplpppaaap,Neuron
ABplpppaap,Neuron
ABplpppaapa,Neuron
ABplpppaapp,Neuron
ABplpppap,Unspecified
ABplpppapa,Unspecified
ABplpppapaa,Neuron
ABplpppapap,Skin
ABplpppapp,Death
ABplpppp,Unspecified
ABplppppa,Unspecified
ABplppppaa,Unspecified
ABplppppaaa,Neuron
ABplppppaap,Other
ABplppppap,Other
ABplppppapa,Other
ABplppppapp,Other
ABplppppp,Unspecified
ABplpppppa,Other
ABplpppppaa,Other
ABplpppppap,Other
ABplpppppp,Unspecified
ABplppppppa,Death
ABplppppppp,Skin
ABpr,Unspecified
ABpra,Unspecified
ABpraa,Unspecified
ABpraaa,Unspecified
ABpraaaa,Unspecified
ABpraaaaa,Unspecified
ABpraaaaaa,Neuron
ABpraaaaaaa,Neuron
ABpraaaaaap,Neuron
ABpraaaaap,Unspecified
ABpraaaaapd,Neuron
ABpraaaaapv,Death
ABpraaaap,Unspecified
ABpraaaapa,Neuron
ABpraaaapad,Neuron
ABpraaaapav,Neuron
ABpraaaapp,Unspecified
ABpraaaappa,Death
ABpraaaappp,Unspecified
ABpraaap,Unspecified
ABpraaapa,Unspecified
ABpraaapaa,Unspecified
ABpraaapaad,Neuron
ABpraaapaav,Death
ABpraaapap,Unspecified
ABpraaapapa,Unspecified
ABpraaapapp,Death
ABpraaapp,Unspecified
ABpraaappa,Neuron
ABpraaappaa,Neuron
ABpraaappap,Neuron
ABpraaappp,Unspecified
ABpraaapppa,Unspecified
ABpraaapppp,Neuron
ABpraap,Unspecified
ABpraapa,Unspecified
ABpraapaa,Unspecified
ABpraapaaa,Unspecified
ABpraapaaaa,Skin
ABpraapaaap,Neuron
ABpraapaap,Neuron
ABpraapaapa,Neuron
ABpraapaapp,Neuron
ABpraapap,Unspecified
ABpraapapa,Neuron
ABpraapapaa,Neuron
ABpraapapap,Neuron
ABpraapapp,Unspecified
ABpraapappa,Neuron
ABpraapappp,Unspecified
ABpraapp,Skin
ABpraappa,Skin
ABpraappaa,Skin
ABpraappap,Skin
ABpraappp,Skin
ABpraapppa,Skin
ABpraapppp,Skin
ABprap,Unspecified
ABprapa,Unspecified
ABprapaa,Unspecified
ABprapaaa,Unspecified
ABprapaaaa,Unspecified
ABprapaaaaa,Death
ABprapaaaap,Neuron
ABprapaaap,Neuron
ABprapaaapa,Neuron
ABprapaaapp,Neuron
ABprapaap,Unspecified
ABprapaapa,Other
ABprapaapp,Skin
ABprapap,Unspecified
ABprapapa,Unspecified
ABprapapaa,Unspecified
ABprapapap,Skin
ABprapapp,Unspecified
ABprapappa,Skin
ABprapappp,Unspecified
ABprapapppa,Death
ABprapapppp,Unspecified
ABprapp,Unspecified
ABprappa,Skin
ABprappaa,Skin
ABprappaaa,Skin
ABprappaap,Skin
ABprappap,Skin
ABprappapa,Skin
ABprappapp,Skin
ABprappp,Unspecified
ABprapppa,Unspecified
ABprapppaa,Unspecified
ABprapppaaa,Neuron
ABprapppaap,Death
ABprapppap,Unspecified
ABprapppapa,Death
ABprapppapp,Neuron
ABprapppp,Skin
ABprappppa,Skin
ABprappppp,Skin
ABprp,Unspecified
ABprpa,Unspecified
ABprpaa,Unspecified
ABprpaaa,Unspecified
ABprpaaaa,Unspecified
ABprpaaaaa,Neuron
ABprpaaaaaa,Neuron
ABprpaaaaap,Neuron
ABprpaaaap,Unspecified
ABprpaaaapa,Other
ABprpaaaapp,Neuron
ABprpaaap,Unspecified
ABprpaaapa,Neuron
ABprpaaapaa,Neuron
ABprpaaapap,Neuron
ABprpaaapp,Unspecified
ABprpaaappa,Unspecified
ABprpaaappp,Neuron
ABprpaap,Unspecified
ABprpaapa,Unspecified
ABprpaapaa,Neuron
ABprpaapaaa,Neuron
ABprpaapaap,Neuron
ABprpaapap,Unspecified
ABprpaapapa,Neuron
ABprpaapapp,Death
ABprpaapp,Unspecified
ABprpaappa,Neuron
ABprpaappaa,Neuron
ABprpaappap,Neuron
ABprpaappp,Unspecified
ABprpaapppa,Neuron
ABprpaapppp,Unspecified
ABprpap,Unspecified
ABprpapa,Unspecified
ABprpapaa,Neuron
ABprpapaaa,Neuron
ABprpapaaaa,Neuron
ABprpapaaap,Neuron
ABprpapaap,Neuron
ABprpapaapa,Neuron
ABprpapaapp,Neuron
ABprpapap,Unspecified
ABprpapapa,Unspecified
ABprpapapaa,Other
ABprpapapap,Neuron
ABprpapapp,Neuron
ABprpapappa,Neuron
ABprpapappp,Neuron
ABprpapp,Unspecified
ABprpappa,Neuron
ABprpappaa,Neuron
ABprpappaaa,Neuron
ABprpappaap,Neuron
ABprpappap,Neuron
ABprpappapa,Neuron
ABprpappapp,Neuron
ABprpappp,Unspecified
ABprpapppa,Neuron
ABprpapppaa,Neuron
ABprpapppap,Neuron
ABprpapppp,Other
ABprpappppa,Other
ABprpappppp,Other
ABprpp,Unspecified
ABprppa,Unspecified
ABprppaa,Unspecified
ABprppaaa,Unspecified
ABprppaaaa,Unspecified
ABprppaaaaa,Neuron
ABprppaaaap,Unspecified
ABprppaaap,Death
ABprppaap,Unspecified
ABprppaapa,Unspecified
ABprppaapaa,Death
ABprppaapap,Neuron
ABprppaapp,Neuron
ABprppaappa,Neuron
ABprppaappp,Neuron
ABprppap,Neuron
ABprppapa,Neuron
ABprppapaa,Neuron
ABprppapaaa,Neuron
ABprppapaap,Neuron
ABprppapap,Neuron
ABprppapapa,Neuron
ABprppapapp,Neuron
ABprppapp,Neuron
ABprppappa,Neuron
ABprppappaa,Neuron
ABprppappap,Neuron
ABprppappp,Neuron
ABprppapppa,Neuron
ABprppapppp,Neuron
ABprppp,Unspecified
ABprpppa,Unspecified
ABprpppaa,Unspecified
ABprpppaaa,Unspecified
ABprpppaaaa,Other
ABprpppaaap,Neuron
ABprpppaap,Neuron
ABprpppaapa,Neuron
ABprpppaapp,Neuron
ABprpppap,Unspecified
ABprpppapa,Unspecified
ABprpppapaa,Neuron
ABprpppapap,Skin
ABprpppapp,Death
ABprpppp,Unspecified
ABprppppa,Unspecified
ABprppppaa,Unspecified
ABprppppaaa,Neuron
ABprppppaap,Other
ABprppppap,Unspecified
ABprppppapa,Other
ABprppppapp,Neuron
ABprppppp,Unspecified
ABprpppppa,Unspecified
ABprpppppaa,Muscle
ABprpppppap,Other
ABprpppppp,Unspecified
ABprppppppa,Death
ABprppppppp,Skin
C,Unspecified
Ca,Unspecified
Caa,Unspecified
Caaa,Skin
Caaaa,Skin
Caaaaa,Skin
Caaaap,Skin
Caaap,Skin
Caaapa,Skin
Caaapp,Skin
Caap,Unspecified
Caapa,Unspecified
Caapaa,Neuron
Caapap,Death
Caapp,Unspecified
Caappd,Skin
Caappv,Neuron
Cap,Muscle
Capa,Muscle
Capaa,Muscle
Capaaa,Muscle
Capaaaa,Muscle
Capaaap,Muscle
Capaap,Muscle
Capaapa,Muscle
Capaapp,Muscle
Capap,Muscle
Capapa,Muscle
Capapaa,Muscle
Capapap,Muscle
Capapp,Muscle
Capappa,Muscle
Capappp,Muscle
Capp,Muscle
Cappa,Muscle
Cappaa,Muscle
Cappaaa,Muscle
Cappaap,Muscle
Cappap,Muscle
Cappapa,Muscle
Cappapp,Muscle
Cappp,Muscle
Capppa,Muscle
Capppaa,Muscle
Capppap,Muscle
Capppp,Muscle
Cappppd,Muscle
Cappppv,Muscle
Cp,Unspecified
Cpa,Skin
Cpaa,Skin
Cpaaa,Skin
Cpaaaa,Skin
Cpaaap,Skin
Cpaap,Skin
Cpaapa,Skin
Cpaapp,Skin
Cpap,Skin
Cpapa,Skin
Cpapaa,Skin
Cpapap,Skin
Cpapp,Skin
Cpappd,Skin
Cpappv,Skin
Cpp,Muscle
Cppa,Muscle
Cppaa,Muscle
Cppaaa,Muscle
Cppaaaa,Muscle
Cppaaap,Muscle
Cppaap,Muscle
Cppaapa,Muscle
Cppaapp,Muscle
Cppap,Muscle
Cppapa,Muscle
Cppapaa,Muscle
Cppapap,Muscle
Cppapp,Muscle
Cppappa,Muscle
Cppappp,Muscle
Cppp,Muscle
Cpppa,Muscle
Cpppaa,Muscle
Cpppaaa,Muscle
Cpppaap,Muscle
Cpppap,Muscle
Cpppapa,Muscle
Cpppapp,Muscle
Cpppp,Muscle
Cppppa,Muscle
Cppppaa,Muscle
Cppppap,Muscle
Cppppp,Muscle
Cpppppd,Muscle
Cpppppv,Muscle
D,Muscle
Da,Muscle
Daa,Muscle
Daaa,Muscle
Daaaa,Muscle
Daaap,Muscle
Daap,Muscle
Daapa,Muscle
Daapp,Muscle
Dap,Muscle
Dapa,Muscle
Dapaa,Muscle
Dapap,Muscle
Dapp,Muscle
Dappa,Muscle
Dappaa,Muscle
Dappap,Muscle
Dappp,Muscle
Dp,Muscle
Dpa,Muscle
Dpaa,Muscle
Dpaaa,Muscle
Dpaap,Muscle
Dpap,Muscle
Dpapa,Muscle
Dpapp,Muscle
Dpp,Muscle
Dppa,Muscle
Dppaa,Muscle
Dppap,Muscle
Dppp,Muscle
Dpppa,Muscle
Dpppaa,Muscle
Dpppap,Muscle
Dpppp,Muscle
E,Intestine
EMS,Unspecified
Ea,Intestine
Eal,Intestine
Eala,Intestine
Ealaa,Intestine
Ealaad,Intestine
Ealaav,Intestine
Ealap,Intestine
Ealp,Intestine
Ealpa,Intestine
Ealpp,Intestine
Ear,Intestine
Eara,Intestine
Earaa,Intestine
Earap,Intestine
Earp,Intestine
Earpa,Intestine
Earpp,Intestine
Ep,Intestine
Epl,Intestine
Epla,Intestine
Eplaa,Intestine
Eplap,Intestine
Eplp,Intestine
Eplpa,Intestine
Eplpp,Intestine
Epr,Intestine
Epra,Intestine
Epraa,Intestine
Eprap,Intestine
Eprp,Intestine
Eprpa,Intestine
Eprpp,Intestine
MS,Unspecified
MSa,Unspecified
MSaa,Unspecified
MSaaa,Unspecified
MSaaaa,Unspecified
MSaaaaa,Unspecified
MSaaaaaa,Other
MSaaaaaal,Other
MSaaaaaar,Other
MSaaaaap,Pharynx
MSaaaaapa,Pharynx
MSaaaaapp,Pharynx
MSaaaap,Unspecified
MSaaaapa,Pharynx
MSaaaapaa,Pharynx
MSaaaapap,Pharynx
MSaaaapp,Unspecified
MSaaaappa,Death
MSaaaappp,Pharynx
MSaaap,Unspecified
MSaaapa,Pharynx
MSaaapaa,Pharynx
MSaaapaaa,Pharynx
MSaaapaap,Pharynx
MSaaapap,Pharynx
MSaaapapa,Pharynx
MSaaapapp,Pharynx
MSaaapp,Unspecified
MSaaappa,Death
MSaaappp,Other
MSaap,Unspecified
MSaapa,Unspecified
MSaapaa,Unspecified
MSaapaaa,Pharynx
MSaapaaaa,Pharynx
MSaapaaap,Pharynx
MSaapaap,Unspecified
MSaapaapa,Unspecified
MSaapaapp,Pharynx
MSaapap,Unspecified
MSaapapa,Unspecified
MSaapapaa,Pharynx
MSaapapap,Death
MSaapapp,Unspecified
MSaapappa,Pharynx
MSaapappp,Other
MSaapp,Unspecified
MSaappa,Other
MSaappaa,Other
MSaappap,Other
MSaappp,Muscle
MSaapppa,Muscle
MSaapppp,Muscle
MSap,Unspecified
MSapa,Unspecified
MSapaa,Unspecified
MSapaaa,Unspecified
MSapaaaa,Other
MSapaaap,Muscle
MSapaap,Unspecified
MSapaapa,Death
MSapaapp,Other
MSapap,Unspecified
MSapapa,Unspecified
MSapapaa,Other
MSapapap,Muscle
MSapapp,Muscle
MSapappa,Muscle
MSapappp,Muscle
MSapp,Unspecified
MSappa,Unspecified
MSappaa,Other
MSappaaa,Other
MSappaap,Other
MSappap,Unspecified
MSappapa,Death
MSappapp,Muscle
MSappp,Muscle
MSapppa,Muscle
MSapppaa,Muscle
MSapppap,Muscle
MSapppp,Muscle
MSappppa,Muscle
MSappppp,Muscle
MSp,Unspecified
MSpa,Unspecified
MSpaa,Unspecified
MSpaaa,Unspecified
MSpaaaa,Unspecified
MSpaaaaa,Unspecified
MSpaaaaaa,Pharynx
MSpaaaaap,Death
MSpaaaap,Pharynx
MSpaaaapa,Pharynx
MSpaaaapp,Pharynx
MSpaaap,Pharynx
MSpaaapa,Pharynx
MSpaaapaa,Pharynx
MSpaaapap,Pharynx
MSpaaapp,Pharynx
MSpaaappa,Pharynx
MSpaaappp,Pharynx
MSpaap,Unspecified
MSpaapa,Unspecified
MSpaapaa,Unspecified
MSpaapaaa,Pharynx
MSpaapaap,Death
MSpaapap,Unspecified
MSpaapapa,Pharynx
MSpaapapp,Other
MSpaapp,Death
MSpap,Unspecified
MSpapa,Unspecified
MSpapaa,Unspecified
MSpapaaa,Pharynx
MSpapaaaa,Pharynx
MSpapaaap,Pharynx
MSpapaap,Unspecified
MSpapaapa,Unspecified
MSpapaapp,Pharynx
MSpapap,Unspecified
MSpapapa,Unspecified
MSpapapaa,Pharynx
MSpapapap,Death
MSpapapp,Unspecified
MSpapappa,Pharynx
MSpapappp,Other
MSpapp,Muscle
MSpappa,Muscle
MSpappaa,Muscle
MSpappap,Muscle
MSpappp,Muscle
MSpapppa,Muscle
MSpapppaa,Muscle
MSpapppap,Muscle
MSpapppp,Muscle
MSpp,Unspecified
MSppa,Unspecified
MSppaa,Unspecified
MSppaaa,Unspecified
MSppaaaa,Other
MSppaaap,Muscle
MSppaap,Unspecified
MSppaapa,Death
MSppaapp,Other
MSppap,Unspecified
MSppapa,Unspecified
MSppapaa,Other
MSppapap,Muscle
MSppapp,Muscle
MSppappa,Muscle
MSppappp,Muscle
MSppp,Unspecified
MSpppa,Unspecified
MSpppaa,Unspecified
MSpppaaa,Death
MSpppaap,Other
MSpppap,Unspecified
MSpppapa,Death
MSpppapp,Muscle
MSpppp,Muscle
MSppppa,Muscle
MSppppaa,Muscle
MSppppap,Muscle
MSppppp,Muscle
MSpppppa,Muscle
MSpppppp,Muscle
P1,Unspecified
P2,Unspecified
P3,Unspecified
P4,Germ Cell
Z2,Germ Cell
Z3,Germ Cell
ABpraaappppa,Neuron
ABpraaappppp,Neuron
ABalapapapaa,Neuron
ABalapapapap,Death
ABalapappaaa,Neuron
ABalapappaap,Death
ABalapppapaa,Neuron
ABalapppapap,Death
ABalappppaaa,Neuron
ABalappppaap,Death
ABalpapapapa,Death
ABalpapapapp,Neuron
ABalpappaapa,Pharynx
ABalpappaapp,Death
ABalpppapppa,Neuron
ABalpppapppp,Death
ABalppppapaa,Neuron
ABalppppapap,Death
ABarapapaapa,Pharynx
ABarapapaapp,Death
ABarpapaappa,Neuron
ABarpapaappp,Neuron
ABplaaaaappa,Neuron
ABplaaaaappp,Neuron
ABplaapapppa,Neuron
ABplaapapppp,Death
ABplapappppa,Neuron
ABplapappppp,Death
ABplapppappa,Neuron
ABplapppappp,Neuron
ABplpaaappaa,Neuron
ABplpaaappap,Death
ABplpaappppa,Neuron
ABplpaappppp,Death
ABplppaaaapa,Death
ABplppaaaapp,Neuron
ABpraaaapppa,Neuron
ABpraaaapppp,Death
ABpraaapppaa,Neuron
ABpraaapppap,Death
ABpraapapppa,Neuron
ABpraapapppp,Death
ABprapappppa,Neuron
ABprapappppp,Death
ABprpaappppa,Neuron
ABprpaappppp,Death
ABprppaaaapa,Death
ABprppaaaapp,Neuron
Dapppa,Muscle
Dapppp,Muscle
Dppppa,Muscle
Dppppp,Muscle
Earaad,Intestine
Earaav,Intestine
Eplppa,Intestine
Eplppp,Intestine
Eprppa,Intestine
Eprppp,Intestine
MSaaaaapaa,Pharynx
MSaaaaapap,Pharynx
MSaapaapaa,Pharynx
MSaapaapap,Death
MSaapppaa,Muscle
MSaapppap,Muscle
MSaappppa,Muscle
MSaappppp,Muscle
MSapaaaad,Other
MSapaaaav,Other
MSpapaapaa,Pharynx
MSpapaapap,Death
MSpappppa,Muscle
MSpappppp,Muscle
MSppaaaad,Other
MSppaaaav,Other
ABpraaaaaaaa,Neuron
ABpraaaaaaap,Neuron
ABpraaaaaapa,Neuron
ABpraaaaaapp,Neuron
ABalapapaaa,Death
ABalapapaap,Death
ABaraaaappa,Death
ABaraaaappp,Death
ABplaaaapaa,Skin
ABplaaaapap,Skin
ABplaaaappa,Skin
ABplaaaappp,Skin
ABplaaapaaa,Skin
ABplaaapaap,Skin
ABplaaapapa,Skin
ABplaaapapp,Skin
ABplaaappaa,Skin
ABplaaappap,Skin
ABplaaapppa,Skin
ABplaaapppp,Skin
ABplaappapa,Skin
ABplaappapp,Skin
ABplaapppaa,Skin
ABplaapppap,Skin
ABplaappppa,Skin
ABplaappppp,Skin
ABplapaapaa,Other
ABplapaapap,Other
ABplapaappa,Skin
ABplapaappp,Skin
ABplapapapa,Skin
ABplapapapp,Skin
ABplapappaa,Skin
ABplapappap,Skin
ABplappaapa,Skin
ABplappaapp,Skin
ABplappapaa,Skin
ABplappapap,Skin
ABplappappa,Skin
ABplappappp,Skin
ABplappppaa,Skin
ABplappppap,Skin
ABplapppppa,Skin
ABplapppppp,Skin
ABpraappapa,Skin
ABpraappapp,Skin
ABpraapppaa,Skin
ABpraapppap,Skin
ABpraappppa,Skin
ABpraappppp,Skin
ABprapaapaa,Other
ABprapaapap,Other
ABprapaappa,Skin
ABprapaappp,Skin
ABprapapaaa,Other
ABprapapaap,Skin
ABprapappaa,Skin
ABprapappap,Skin
ABprappaaaa,Skin
ABprappaaap,Skin
ABprappapaa,Skin
ABprappapap,Skin
ABprappappa,Skin
ABprappappp,Skin
ABprappppaa,Skin
ABprappppap,Skin
ABprapppppa,Skin
ABprapppppp,Skin
ABalappaaaa,Death
ABalappaaap,Death
ABprapapapa,Skin
ABprapapapp,Skin
ABprappaapa,Skin
ABprappaapp,Skin
ABalaappppaa,Neuron
ABalaappppap,Death
ABalapaappaa,Neuron
ABalapaappap,Death
ABalppapppaa,Neuron
ABalppapppap,Death
ABaraapapaad,Death
ABaraapapaav,Pharynx
ABaraapppaad,Death
ABaraapppaav,Pharynx
ABarappapapa,Death
ABarappapapp,Neuron
ABarapppppaa,Neuron
ABarapppppap,Death
ABarppaappa,Neuron
ABarppaappp,Neuron
ABarpppappa,Neuron
ABarpppappp,Neuron
ABplapaaaapa,Neuron
ABplapaaaapp,Neuron
ABplapaaapad,Neuron
ABplapaaapav,Neuron
ABplapapaaa,Other
ABplapapaap,Skin
ABplapappppaa,Neuron
ABplapappppap,Neuron
ABplppapaaaa,Neuron
ABplppapaaap,Neuron
ABplpppaapaa,Neuron
ABplpppaapap,Neuron
ABpraaapapaa,Neuron
ABpraaapapap,Death
ABprapaaaapa,Neuron
ABprapaaaapp,Neuron
ABprapaaapad,Neuron
ABprapaaapav,Neuron
ABprapappppaa,Neuron
ABprapappppap,Neuron
ABprapppappa,Neuron
ABprapppappp,Neuron
ABprpaaappaa,Neuron
ABprpaaappap,Death
ABprppapaaaa,Neuron
ABprppapaaap,Neuron
ABprpppaapaa,Neuron
ABprpppaapap,Neuron
MSapapaaa,Other
MSapapaap,Other
MSppapaaa,Other
MSppapaap,Other